{
  "not_stress": {
    "precision": 0.670263255477962,
    "recall": 0.999027660912973,
    "f1-score": 0.8022706237014531,
    "support": 2788122.0
  },
  "stress": {
    "precision": 0.9955816898447317,
    "recall": 0.3083408794250635,
    "f1-score": 0.47085393108599277,
    "support": 1981158.0
  },
  "accuracy": 0.7121165039586688,
  "macro avg": {
    "precision": 0.8329224726613469,
    "recall": 0.6536842701690182,
    "f1-score": 0.636562277393723,
    "support": 4769280.0
  },
  "weighted avg": {
    "precision": 0.8054004709052803,
    "recall": 0.7121165039586688,
    "f1-score": 0.664600192963761,
    "support": 4769280.0
  }
}