{
  "not_stress": {
    "precision": 0.9671409008449392,
    "recall": 0.9828260743252986,
    "f1-score": 0.9749204032687582,
    "support": 2788122.0
  },
  "stress": {
    "precision": 0.9752662789136027,
    "recall": 0.9530067768446535,
    "f1-score": 0.9640080488157304,
    "support": 1981158.0
  },
  "accuracy": 0.9704391438539989,
  "macro avg": {
    "precision": 0.971203589879271,
    "recall": 0.967916425584976,
    "f1-score": 0.9694642260422444,
    "support": 4769280.0
  },
  "weighted avg": {
    "precision": 0.9705161813408961,
    "recall": 0.9704391438539989,
    "f1-score": 0.9703874133156727,
    "support": 4769280.0
  }
}