{
  "not_stress": {
    "precision": 0.9203497784931474,
    "recall": 0.9804983426119804,
    "f1-score": 0.9494724196178179,
    "support": 2788122.0
  },
  "stress": {
    "precision": 0.9697750290031424,
    "recall": 0.8805809531597177,
    "f1-score": 0.9230282471288466,
    "support": 1981158.0
  },
  "accuracy": 0.9389926781400966,
  "macro avg": {
    "precision": 0.9450624037481449,
    "recall": 0.9305396478858491,
    "f1-score": 0.9362503333733323,
    "support": 4769280.0
  },
  "weighted avg": {
    "precision": 0.9408810181037134,
    "recall": 0.9389926781400966,
    "f1-score": 0.9384875154226552,
    "support": 4769280.0
  }
}