{
  "not_stress": {
    "precision": 0.80254830645045,
    "recall": 0.838442258457667,
    "f1-score": 0.8201027220645452,
    "support": 2788062.0
  },
  "stress": {
    "precision": 0.7573702020294517,
    "recall": 0.7097005892513368,
    "f1-score": 0.7327609299513761,
    "support": 1981158.0
  },
  "accuracy": 0.78496232088266,
  "macro avg": {
    "precision": 0.7799592542399509,
    "recall": 0.7740714238545019,
    "f1-score": 0.7764318260079606,
    "support": 4769220.0
  },
  "weighted avg": {
    "precision": 0.7837810944118996,
    "recall": 0.78496232088266,
    "f1-score": 0.7838205018735408,
    "support": 4769220.0
  }
}