{
  "not_stress": {
    "precision": 0.6138102430092034,
    "recall": 0.6176200529256523,
    "f1-score": 0.6157092545556581,
    "support": 2788062.0
  },
  "stress": {
    "precision": 0.45713910358871057,
    "recall": 0.45314608930736466,
    "f1-score": 0.4551338386635677,
    "support": 1981158.0
  },
  "accuracy": 0.5492967403474782,
  "macro avg": {
    "precision": 0.535474673298957,
    "recall": 0.5353830711165084,
    "f1-score": 0.5354215466096128,
    "support": 4769220.0
  },
  "weighted avg": {
    "precision": 0.5487282628883399,
    "recall": 0.5492967403474782,
    "f1-score": 0.5490054183312981,
    "support": 4769220.0
  }
}