{
  "calm": {
    "precision": 0.602659586205782,
    "recall": 0.7052979193007012,
    "f1-score": 0.6499516236698604,
    "support": 2749268.0
  },
  "elevated": {
    "precision": 0.02017049333827517,
    "recall": 0.02665360622776718,
    "f1-score": 0.02296323439599365,
    "support": 38794.0
  },
  "stress": {
    "precision": 0.46582923682274285,
    "recall": 0.3528037642631229,
    "f1-score": 0.40151400697720774,
    "support": 1981158.0
  },
  "accuracy": 0.553349814015709,
  "macro avg": {
    "precision": 0.3628864387889333,
    "recall": 0.361585096597197,
    "f1-score": 0.35814295501435395,
    "support": 4769220.0
  },
  "weighted avg": {
    "precision": 0.5410814616504658,
    "recall": 0.553349814015709,
    "f1-score": 0.5416493102129276,
    "support": 4769220.0
  }
}