{
  "calm": {
    "precision": 0.9260402256403376,
    "recall": 0.9841605110887698,
    "f1-score": 0.9542161765841675,
    "support": 2749268.0
  },
  "elevated": {
    "precision": 0.6974296092358235,
    "recall": 0.775853194008339,
    "f1-score": 0.734554138187312,
    "support": 38854.0
  },
  "stress": {
    "precision": 0.9779746474829554,
    "recall": 0.8906407262823056,
    "f1-score": 0.9322668137582399,
    "support": 1981158.0
  },
  "accuracy": 0.9436153884863124,
  "macro avg": {
    "precision": 0.8671481607863721,
    "recall": 0.8835514771264714,
    "f1-score": 0.8736790428432398,
    "support": 4769280.0
  },
  "weighted avg": {
    "precision": 0.9457513473230855,
    "recall": 0.9436153884863124,
    "f1-score": 0.9433088898244552,
    "support": 4769280.0
  }
}