{
  "calm": {
    "precision": 0.7651714587482902,
    "recall": 0.8608920629054716,
    "f1-score": 0.8102143942424263,
    "support": 2749268.0
  },
  "elevated": {
    "precision": 0.008041967352808032,
    "recall": 0.0077847089756147856,
    "f1-score": 0.007911247331263836,
    "support": 38794.0
  },
  "stress": {
    "precision": 0.7714611278543327,
    "recall": 0.6380202891440259,
    "f1-score": 0.6984240386868057,
    "support": 1981158.0
  },
  "accuracy": 0.7613706224497926,
  "macro avg": {
    "precision": 0.5148915179851437,
    "recall": 0.5022323536750374,
    "f1-score": 0.505516560086832,
    "support": 4769220.0
  },
  "weighted avg": {
    "precision": 0.7616255428076526,
    "recall": 0.7613706224497926,
    "f1-score": 0.7572499880055292,
    "support": 4769220.0
  }
}