{
  "calm": {
    "precision": 0.9558473383301144,
    "recall": 0.9851989693256532,
    "f1-score": 0.9703012327333946,
    "support": 2749268.0
  },
  "elevated": {
    "precision": 0.7613988768753667,
    "recall": 0.9352190250682041,
    "f1-score": 0.8394049296588048,
    "support": 38854.0
  },
  "stress": {
    "precision": 0.9823816851310873,
    "recall": 0.9361211978045163,
    "f1-score": 0.9586937063956457,
    "support": 1981158.0
  },
  "accuracy": 0.964404899691358,
  "macro avg": {
    "precision": 0.8998759667788562,
    "recall": 0.9521797307327912,
    "f1-score": 0.9227999562626151,
    "support": 4769280.0
  },
  "weighted avg": {
    "precision": 0.9652855832891353,
    "recall": 0.964404899691358,
    "f1-score": 0.9644130926736996,
    "support": 4769280.0
  }
}