{
  "calm": {
    "precision": 0.6158549095328246,
    "recall": 0.9979474536494806,
    "f1-score": 0.7616680366905443,
    "support": 2749268.0
  },
  "elevated": {
    "precision": 0.012021626205873,
    "recall": 0.014593092088330675,
    "f1-score": 0.013183133958776549,
    "support": 38854.0
  },
  "stress": {
    "precision": 0.9996144185019223,
    "recall": 0.13478278865188945,
    "f1-score": 0.2375372895008511,
    "support": 1981158.0
  },
  "accuracy": 0.6313779019055287,
  "macro avg": {
    "precision": 0.5424969847468734,
    "recall": 0.38244111146323356,
    "f1-score": 0.33746282005005734,
    "support": 4769280.0
  },
  "weighted avg": {
    "precision": 0.7703492740657969,
    "recall": 0.6313779019055287,
    "f1-score": 0.5378465258437125,
    "support": 4769280.0
  }
}