{
  "not_stress": {
    "precision": 0.605861568736365,
    "recall": 0.6588085200400852,
    "f1-score": 0.6312267001341633,
    "support": 2788062.0
  },
  "stress": {
    "precision": 0.45251239420180417,
    "recall": 0.39686032108494124,
    "f1-score": 0.4228631573059572,
    "support": 1981158.0
  },
  "accuracy": 0.5499939193411082,
  "macro avg": {
    "precision": 0.5291869814690846,
    "recall": 0.5278344205625132,
    "f1-score": 0.5270449287200603,
    "support": 4769220.0
  },
  "weighted avg": {
    "precision": 0.5421595495544985,
    "recall": 0.5499939193411082,
    "f1-score": 0.5446714353775693,
    "support": 4769220.0
  }
}