{
  "not_stress": {
    "precision": 0.7885861034674091,
    "recall": 0.8518002827770688,
    "f1-score": 0.81897517750735,
    "support": 2788062.0
  },
  "stress": {
    "precision": 0.7649208067758154,
    "recall": 0.6786298720243413,
    "f1-score": 0.7191962386003502,
    "support": 1981158.0
  },
  "accuracy": 0.7798644222745019,
  "macro avg": {
    "precision": 0.7767534551216122,
    "recall": 0.765215077400705,
    "f1-score": 0.7690857080538501,
    "support": 4769220.0
  },
  "weighted avg": {
    "precision": 0.7787554200720269,
    "recall": 0.7798644222745019,
    "f1-score": 0.7775265039198213,
    "support": 4769220.0
  }
}