{
  "not_stress": {
    "precision": 0.6704061338662594,
    "recall": 0.9955052182078116,
    "f1-score": 0.8012344759539303,
    "support": 2788122.0
  },
  "stress": {
    "precision": 0.9800800485759428,
    "recall": 0.31122505120742516,
    "f1-score": 0.47242973539962824,
    "support": 1981158.0
  },
  "accuracy": 0.7112553676865271,
  "macro avg": {
    "precision": 0.8252430912211011,
    "recall": 0.6533651347076184,
    "f1-score": 0.6368321056767793,
    "support": 4769280.0
  },
  "weighted avg": {
    "precision": 0.7990446188196291,
    "recall": 0.7112553676865271,
    "f1-score": 0.6646490496029759,
    "support": 4769280.0
  }
}