{
  "not_stress": {
    "precision": 0.9676952547304664,
    "recall": 0.9823974704119834,
    "f1-score": 0.9749909408102083,
    "support": 2788122.0
  },
  "stress": {
    "precision": 0.9746863778485433,
    "recall": 0.9538461849080184,
    "f1-score": 0.9641536792759918,
    "support": 1981158.0
  },
  "accuracy": 0.9705372718733226,
  "macro avg": {
    "precision": 0.9711908162895049,
    "recall": 0.968121827660001,
    "f1-score": 0.9695723100431001,
    "support": 4769280.0
  },
  "weighted avg": {
    "precision": 0.9705993659368463,
    "recall": 0.9705372718733226,
    "f1-score": 0.9704891444412376,
    "support": 4769280.0
  }
}