{
  "not_stress": {
    "precision": 0.9313916120120149,
    "recall": 0.9801328636264841,
    "f1-score": 0.9551408202964234,
    "support": 2788122.0
  },
  "stress": {
    "precision": 0.96981775244912,
    "recall": 0.8983932629300642,
    "f1-score": 0.9327401753847662,
    "support": 1981158.0
  },
  "accuracy": 0.946178249127751,
  "macro avg": {
    "precision": 0.9506046822305675,
    "recall": 0.9392630632782741,
    "f1-score": 0.9439404978405947,
    "support": 4769280.0
  },
  "weighted avg": {
    "precision": 0.9473538234015947,
    "recall": 0.946178249127751,
    "f1-score": 0.9458355966836582,
    "support": 4769280.0
  }
}