{
  "calm": {
    "precision": 0.6325012063874239,
    "recall": 0.9983301009577822,
    "f1-score": 0.7743841933677262,
    "support": 2749268.0
  },
  "elevated": {
    "precision": 0.016834457908972845,
    "recall": 0.04437123590878674,
    "f1-score": 0.02440837303469415,
    "support": 38854.0
  },
  "stress": {
    "precision": 0.9989831098516195,
    "recall": 0.1651236297155502,
    "f1-score": 0.28340307897291334,
    "support": 1981158.0
  },
  "accuracy": 0.6444446541196994,
  "macro avg": {
    "precision": 0.5494395913826721,
    "recall": 0.40260832219403975,
    "f1-score": 0.3607318817917779,
    "support": 4769280.0
  },
  "weighted avg": {
    "precision": 0.7797220529424462,
    "recall": 0.6444446541196994,
    "f1-score": 0.564320887553134,
    "support": 4769280.0
  }
}