{
  "calm": {
    "precision": 0.7764323397969192,
    "recall": 0.8549432067008382,
    "f1-score": 0.8137985834068348,
    "support": 2749268.0
  },
  "elevated": {
    "precision": 0.008430828296453865,
    "recall": 0.008377584162499356,
    "f1-score": 0.008404121898555784,
    "support": 38794.0
  },
  "stress": {
    "precision": 0.7703979795750157,
    "recall": 0.6623898750124927,
    "f1-score": 0.7123229301067535,
    "support": 1981158.0
  },
  "accuracy": 0.7680694117696395,
  "macro avg": {
    "precision": 0.5184203825561297,
    "recall": 0.50857022195861,
    "f1-score": 0.5115085451373814,
    "support": 4769220.0
  },
  "weighted avg": {
    "precision": 0.7676785243584082,
    "recall": 0.7680694117696395,
    "f1-score": 0.7650938109114509,
    "support": 4769220.0
  }
}