{
  "calm": {
    "precision": 0.6024505285510933,
    "recall": 0.7512345104224106,
    "f1-score": 0.6686660705255258,
    "support": 2749268.0
  },
  "elevated": {
    "precision": 0.021388505134905707,
    "recall": 0.03312367891942053,
    "f1-score": 0.02599294043874465,
    "support": 38794.0
  },
  "stress": {
    "precision": 0.4763397015069861,
    "recall": 0.3079734175668977,
    "f1-score": 0.3740852020150463,
    "support": 1981158.0
  },
  "accuracy": 0.5612603318781687,
  "macro avg": {
    "precision": 0.36672624506432844,
    "recall": 0.364110535636243,
    "f1-score": 0.35624807099310557,
    "support": 4769220.0
  },
  "weighted avg": {
    "precision": 0.5453369556772362,
    "recall": 0.5612603318781687,
    "f1-score": 0.5410680344305101,
    "support": 4769220.0
  }
}