{
  "calm": {
    "precision": 0.957149572726665,
    "recall": 0.9842510806512861,
    "f1-score": 0.9705111612710825,
    "support": 2749268.0
  },
  "elevated": {
    "precision": 0.7565130676860431,
    "recall": 0.9372008030061255,
    "f1-score": 0.8372189267485171,
    "support": 38854.0
  },
  "stress": {
    "precision": 0.9812442549839416,
    "recall": 0.93809226724976,
    "f1-score": 0.959183173164884,
    "support": 1981158.0
  },
  "accuracy": 0.96469341284219,
  "macro avg": {
    "precision": 0.8983022984655499,
    "recall": 0.9531813836357239,
    "f1-score": 0.9223044203948279,
    "support": 4769280.0
  },
  "weighted avg": {
    "precision": 0.9655239692277329,
    "recall": 0.96469341284219,
    "f1-score": 0.9647196223510276,
    "support": 4769280.0
  }
}