{
  "calm": {
    "precision": 0.9496691163775942,
    "recall": 0.9803740486558604,
    "f1-score": 0.9647773411227281,
    "support": 2749268.0
  },
  "elevated": {
    "precision": 0.6974323219695149,
    "recall": 0.7466155350800432,
    "f1-score": 0.7211863564041369,
    "support": 38854.0
  },
  "stress": {
    "precision": 0.9730710526650042,
    "recall": 0.9280658079769508,
    "f1-score": 0.9500357301005559,
    "support": 1981158.0
  },
  "accuracy": 0.9567408497718733,
  "macro avg": {
    "precision": 0.873390830337371,
    "recall": 0.8850184639042848,
    "f1-score": 0.8786664758758068,
    "support": 4769280.0
  },
  "weighted avg": {
    "precision": 0.9573353731042619,
    "recall": 0.9567408497718733,
    "f1-score": 0.956669210602037,
    "support": 4769280.0
  }
}